Scizor	https://bulbapedia.bulbagarden.net/wiki/Scizor
Ferrothorn	https://bulbapedia.bulbagarden.net/wiki/Ferrothorn
Politoed	https://bulbapedia.bulbagarden.net/wiki/Politoed
Dragonite	https://bulbapedia.bulbagarden.net/wiki/Dragonite
Latios	https://bulbapedia.bulbagarden.net/wiki/Latios
Garchomp	https://bulbapedia.bulbagarden.net/wiki/Garchomp
Jirachi	https://bulbapedia.bulbagarden.net/wiki/Jirachi
Heatran	https://bulbapedia.bulbagarden.net/wiki/Heatran
Tyranitar	https://bulbapedia.bulbagarden.net/wiki/Tyranitar
Breloom	https://bulbapedia.bulbagarden.net/wiki/Breloom
RotomWash	https://bulbapedia.bulbagarden.net/wiki/RotomWash
Starmie	https://bulbapedia.bulbagarden.net/wiki/Starmie
LandorusTherian	https://bulbapedia.bulbagarden.net/wiki/LandorusTherian
Gengar	https://bulbapedia.bulbagarden.net/wiki/Gengar
Keldeo	https://bulbapedia.bulbagarden.net/wiki/Keldeo
Alakazam	https://bulbapedia.bulbagarden.net/wiki/Alakazam
Volcarona	https://bulbapedia.bulbagarden.net/wiki/Volcarona
Skarmory	https://bulbapedia.bulbagarden.net/wiki/Skarmory
Salamence	https://bulbapedia.bulbagarden.net/wiki/Salamence
Ninetales	https://bulbapedia.bulbagarden.net/wiki/Ninetales
Terrakion	https://bulbapedia.bulbagarden.net/wiki/Terrakion
Forretress	https://bulbapedia.bulbagarden.net/wiki/Forretress
Gliscor	https://bulbapedia.bulbagarden.net/wiki/Gliscor
Espeon	https://bulbapedia.bulbagarden.net/wiki/Espeon
Infernape	https://bulbapedia.bulbagarden.net/wiki/Infernape
Jellicent	https://bulbapedia.bulbagarden.net/wiki/Jellicent
Gyarados	https://bulbapedia.bulbagarden.net/wiki/Gyarados
Mamoswine	https://bulbapedia.bulbagarden.net/wiki/Mamoswine
Jolteon	https://bulbapedia.bulbagarden.net/wiki/Jolteon
Cloyster	https://bulbapedia.bulbagarden.net/wiki/Cloyster
Tentacruel	https://bulbapedia.bulbagarden.net/wiki/Tentacruel
Celebi	https://bulbapedia.bulbagarden.net/wiki/Celebi
ThundurusTherian	https://bulbapedia.bulbagarden.net/wiki/ThundurusTherian
Conkeldurr	https://bulbapedia.bulbagarden.net/wiki/Conkeldurr
Venusaur	https://bulbapedia.bulbagarden.net/wiki/Venusaur
Lucario	https://bulbapedia.bulbagarden.net/wiki/Lucario
Donphan	https://bulbapedia.bulbagarden.net/wiki/Donphan
Latias	https://bulbapedia.bulbagarden.net/wiki/Latias
Blissey	https://bulbapedia.bulbagarden.net/wiki/Blissey
Magnezone	https://bulbapedia.bulbagarden.net/wiki/Magnezone
Toxicroak	https://bulbapedia.bulbagarden.net/wiki/Toxicroak
KyuremBlack	https://bulbapedia.bulbagarden.net/wiki/KyuremBlack
Hydreigon	https://bulbapedia.bulbagarden.net/wiki/Hydreigon
Metagross	https://bulbapedia.bulbagarden.net/wiki/Metagross
Vaporeon	https://bulbapedia.bulbagarden.net/wiki/Vaporeon
Haxorus	https://bulbapedia.bulbagarden.net/wiki/Haxorus
Gastrodon	https://bulbapedia.bulbagarden.net/wiki/Gastrodon
Hippowdon	https://bulbapedia.bulbagarden.net/wiki/Hippowdon
Reuniclus	https://bulbapedia.bulbagarden.net/wiki/Reuniclus
Dugtrio	https://bulbapedia.bulbagarden.net/wiki/Dugtrio
Weavile	https://bulbapedia.bulbagarden.net/wiki/Weavile
Tornadus	https://bulbapedia.bulbagarden.net/wiki/Tornadus
Victini	https://bulbapedia.bulbagarden.net/wiki/Victini
Chansey	https://bulbapedia.bulbagarden.net/wiki/Chansey
Kingdra	https://bulbapedia.bulbagarden.net/wiki/Kingdra
Sableye	https://bulbapedia.bulbagarden.net/wiki/Sableye
Chandelure	https://bulbapedia.bulbagarden.net/wiki/Chandelure
Mew	https://bulbapedia.bulbagarden.net/wiki/Mew
Togekiss	https://bulbapedia.bulbagarden.net/wiki/Togekiss
Machamp	https://bulbapedia.bulbagarden.net/wiki/Machamp
Abomasnow	https://bulbapedia.bulbagarden.net/wiki/Abomasnow
Umbreon	https://bulbapedia.bulbagarden.net/wiki/Umbreon
Arcanine	https://bulbapedia.bulbagarden.net/wiki/Arcanine
Bronzong	https://bulbapedia.bulbagarden.net/wiki/Bronzong
Ninjask	https://bulbapedia.bulbagarden.net/wiki/Ninjask
Scrafty	https://bulbapedia.bulbagarden.net/wiki/Scrafty
Darmanitan	https://bulbapedia.bulbagarden.net/wiki/Darmanitan
Swampert	https://bulbapedia.bulbagarden.net/wiki/Swampert
Smeargle	https://bulbapedia.bulbagarden.net/wiki/Smeargle
Porygon	https://bulbapedia.bulbagarden.net/wiki/Porygon
Staraptor	https://bulbapedia.bulbagarden.net/wiki/Staraptor
Ditto	https://bulbapedia.bulbagarden.net/wiki/Ditto
Heracross	https://bulbapedia.bulbagarden.net/wiki/Heracross
Slowbro	https://bulbapedia.bulbagarden.net/wiki/Slowbro
Cresselia	https://bulbapedia.bulbagarden.net/wiki/Cresselia
Charizard	https://bulbapedia.bulbagarden.net/wiki/Charizard
Zapdos	https://bulbapedia.bulbagarden.net/wiki/Zapdos
Froslass	https://bulbapedia.bulbagarden.net/wiki/Froslass
Xatu	https://bulbapedia.bulbagarden.net/wiki/Xatu
Mienshao	https://bulbapedia.bulbagarden.net/wiki/Mienshao
Snorlax	https://bulbapedia.bulbagarden.net/wiki/Snorlax
Blastoise	https://bulbapedia.bulbagarden.net/wiki/Blastoise
Stoutland	https://bulbapedia.bulbagarden.net/wiki/Stoutland
Electivire	https://bulbapedia.bulbagarden.net/wiki/Electivire
Azelf	https://bulbapedia.bulbagarden.net/wiki/Azelf
Wobbuffet	https://bulbapedia.bulbagarden.net/wiki/Wobbuffet
Zoroark	https://bulbapedia.bulbagarden.net/wiki/Zoroark
Milotic	https://bulbapedia.bulbagarden.net/wiki/Milotic
Sigilyph	https://bulbapedia.bulbagarden.net/wiki/Sigilyph
Roserade	https://bulbapedia.bulbagarden.net/wiki/Roserade
Gothitelle	https://bulbapedia.bulbagarden.net/wiki/Gothitelle
Nidoking	https://bulbapedia.bulbagarden.net/wiki/Nidoking
Azumarill	https://bulbapedia.bulbagarden.net/wiki/Azumarill
Aerodactyl	https://bulbapedia.bulbagarden.net/wiki/Aerodactyl
Amoonguss	https://bulbapedia.bulbagarden.net/wiki/Amoonguss
Sawsbuck	https://bulbapedia.bulbagarden.net/wiki/Sawsbuck
Ambipom	https://bulbapedia.bulbagarden.net/wiki/Ambipom
Gallade	https://bulbapedia.bulbagarden.net/wiki/Gallade
Crobat	https://bulbapedia.bulbagarden.net/wiki/Crobat
Raikou	https://bulbapedia.bulbagarden.net/wiki/Raikou
Whimsicott	https://bulbapedia.bulbagarden.net/wiki/Whimsicott
Empoleon	https://bulbapedia.bulbagarden.net/wiki/Empoleon
Honchkrow	https://bulbapedia.bulbagarden.net/wiki/Honchkrow
Ludicolo	https://bulbapedia.bulbagarden.net/wiki/Ludicolo
Kyurem	https://bulbapedia.bulbagarden.net/wiki/Kyurem
PorygonZ	https://bulbapedia.bulbagarden.net/wiki/PorygonZ
Sharpedo	https://bulbapedia.bulbagarden.net/wiki/Sharpedo
Cofagrigus	https://bulbapedia.bulbagarden.net/wiki/Cofagrigus
Yanmega	https://bulbapedia.bulbagarden.net/wiki/Yanmega
Liepard	https://bulbapedia.bulbagarden.net/wiki/Liepard
Gorebyss	https://bulbapedia.bulbagarden.net/wiki/Gorebyss
Hitmontop	https://bulbapedia.bulbagarden.net/wiki/Hitmontop
Lilligant	https://bulbapedia.bulbagarden.net/wiki/Lilligant
Sceptile	https://bulbapedia.bulbagarden.net/wiki/Sceptile
Suicune	https://bulbapedia.bulbagarden.net/wiki/Suicune
Flygon	https://bulbapedia.bulbagarden.net/wiki/Flygon
Hitmonlee	https://bulbapedia.bulbagarden.net/wiki/Hitmonlee
Rhyperior	https://bulbapedia.bulbagarden.net/wiki/Rhyperior
Dusclops	https://bulbapedia.bulbagarden.net/wiki/Dusclops
Tangrowth	https://bulbapedia.bulbagarden.net/wiki/Tangrowth
Bisharp	https://bulbapedia.bulbagarden.net/wiki/Bisharp
Feraligatr	https://bulbapedia.bulbagarden.net/wiki/Feraligatr
Virizion	https://bulbapedia.bulbagarden.net/wiki/Virizion
Slowking	https://bulbapedia.bulbagarden.net/wiki/Slowking
Lapras	https://bulbapedia.bulbagarden.net/wiki/Lapras
Quagsire	https://bulbapedia.bulbagarden.net/wiki/Quagsire
Cobalion	https://bulbapedia.bulbagarden.net/wiki/Cobalion
Shedinja	https://bulbapedia.bulbagarden.net/wiki/Shedinja
Meloetta	https://bulbapedia.bulbagarden.net/wiki/Meloetta
Exeggutor	https://bulbapedia.bulbagarden.net/wiki/Exeggutor
Krookodile	https://bulbapedia.bulbagarden.net/wiki/Krookodile
Golurk	https://bulbapedia.bulbagarden.net/wiki/Golurk
RotomHeat	https://bulbapedia.bulbagarden.net/wiki/RotomHeat
Cinccino	https://bulbapedia.bulbagarden.net/wiki/Cinccino
Claydol	https://bulbapedia.bulbagarden.net/wiki/Claydol
Venomoth	https://bulbapedia.bulbagarden.net/wiki/Venomoth
Eelektross	https://bulbapedia.bulbagarden.net/wiki/Eelektross
Sandslash	https://bulbapedia.bulbagarden.net/wiki/Sandslash
Dusknoir	https://bulbapedia.bulbagarden.net/wiki/Dusknoir
Galvantula	https://bulbapedia.bulbagarden.net/wiki/Galvantula
Medicham	https://bulbapedia.bulbagarden.net/wiki/Medicham
Victreebel	https://bulbapedia.bulbagarden.net/wiki/Victreebel
Typhlosion	https://bulbapedia.bulbagarden.net/wiki/Typhlosion
Aggron	https://bulbapedia.bulbagarden.net/wiki/Aggron
Shaymin	https://bulbapedia.bulbagarden.net/wiki/Shaymin
Spiritomb	https://bulbapedia.bulbagarden.net/wiki/Spiritomb
Shuckle	https://bulbapedia.bulbagarden.net/wiki/Shuckle
Durant	https://bulbapedia.bulbagarden.net/wiki/Durant
Walrein	https://bulbapedia.bulbagarden.net/wiki/Walrein
Houndoom	https://bulbapedia.bulbagarden.net/wiki/Houndoom
Lanturn	https://bulbapedia.bulbagarden.net/wiki/Lanturn
Leafeon	https://bulbapedia.bulbagarden.net/wiki/Leafeon
Aron	https://bulbapedia.bulbagarden.net/wiki/Aron
Cradily	https://bulbapedia.bulbagarden.net/wiki/Cradily
Steelix	https://bulbapedia.bulbagarden.net/wiki/Steelix
Gardevoir	https://bulbapedia.bulbagarden.net/wiki/Gardevoir
Archeops	https://bulbapedia.bulbagarden.net/wiki/Archeops
Accelgor	https://bulbapedia.bulbagarden.net/wiki/Accelgor
Mismagius	https://bulbapedia.bulbagarden.net/wiki/Mismagius
Pikachu	https://bulbapedia.bulbagarden.net/wiki/Pikachu
Absol	https://bulbapedia.bulbagarden.net/wiki/Absol
Shiftry	https://bulbapedia.bulbagarden.net/wiki/Shiftry
Kabutops	https://bulbapedia.bulbagarden.net/wiki/Kabutops
MrMime	https://bulbapedia.bulbagarden.net/wiki/MrMime
Magmortar	https://bulbapedia.bulbagarden.net/wiki/Magmortar
Moltres	https://bulbapedia.bulbagarden.net/wiki/Moltres
Drapion	https://bulbapedia.bulbagarden.net/wiki/Drapion
Clefable	https://bulbapedia.bulbagarden.net/wiki/Clefable
Glaceon	https://bulbapedia.bulbagarden.net/wiki/Glaceon
Jynx	https://bulbapedia.bulbagarden.net/wiki/Jynx
Marowak	https://bulbapedia.bulbagarden.net/wiki/Marowak
RotomMow	https://bulbapedia.bulbagarden.net/wiki/RotomMow
Swellow	https://bulbapedia.bulbagarden.net/wiki/Swellow
Riolu	https://bulbapedia.bulbagarden.net/wiki/Riolu
Registeel	https://bulbapedia.bulbagarden.net/wiki/Registeel
Slaking	https://bulbapedia.bulbagarden.net/wiki/Slaking
Druddigon	https://bulbapedia.bulbagarden.net/wiki/Druddigon
Weezing	https://bulbapedia.bulbagarden.net/wiki/Weezing
Magneton	https://bulbapedia.bulbagarden.net/wiki/Magneton
Scyther	https://bulbapedia.bulbagarden.net/wiki/Scyther
Omastar	https://bulbapedia.bulbagarden.net/wiki/Omastar
Tauros	https://bulbapedia.bulbagarden.net/wiki/Tauros
Nidoqueen	https://bulbapedia.bulbagarden.net/wiki/Nidoqueen
Miltank	https://bulbapedia.bulbagarden.net/wiki/Miltank
Torterra	https://bulbapedia.bulbagarden.net/wiki/Torterra
Flareon	https://bulbapedia.bulbagarden.net/wiki/Flareon
Jumpluff	https://bulbapedia.bulbagarden.net/wiki/Jumpluff
Volbeat	https://bulbapedia.bulbagarden.net/wiki/Volbeat
Serperior	https://bulbapedia.bulbagarden.net/wiki/Serperior
Manectric	https://bulbapedia.bulbagarden.net/wiki/Manectric
Uxie	https://bulbapedia.bulbagarden.net/wiki/Uxie
Drifblim	https://bulbapedia.bulbagarden.net/wiki/Drifblim
Parasect	https://bulbapedia.bulbagarden.net/wiki/Parasect
Alomomola	https://bulbapedia.bulbagarden.net/wiki/Alomomola
Escavalier	https://bulbapedia.bulbagarden.net/wiki/Escavalier
Rampardos	https://bulbapedia.bulbagarden.net/wiki/Rampardos
Mandibuzz	https://bulbapedia.bulbagarden.net/wiki/Mandibuzz
Crustle	https://bulbapedia.bulbagarden.net/wiki/Crustle
Hitmonchan	https://bulbapedia.bulbagarden.net/wiki/Hitmonchan
Ampharos	https://bulbapedia.bulbagarden.net/wiki/Ampharos
Regice	https://bulbapedia.bulbagarden.net/wiki/Regice
Emboar	https://bulbapedia.bulbagarden.net/wiki/Emboar
Golem	https://bulbapedia.bulbagarden.net/wiki/Golem
Seismitoad	https://bulbapedia.bulbagarden.net/wiki/Seismitoad
Gigalith	https://bulbapedia.bulbagarden.net/wiki/Gigalith
Articuno	https://bulbapedia.bulbagarden.net/wiki/Articuno
Raichu	https://bulbapedia.bulbagarden.net/wiki/Raichu
Crawdaunt	https://bulbapedia.bulbagarden.net/wiki/Crawdaunt
Bouffalant	https://bulbapedia.bulbagarden.net/wiki/Bouffalant
Ursaring	https://bulbapedia.bulbagarden.net/wiki/Ursaring
Scolipede	https://bulbapedia.bulbagarden.net/wiki/Scolipede
Swanna	https://bulbapedia.bulbagarden.net/wiki/Swanna
Luxray	https://bulbapedia.bulbagarden.net/wiki/Luxray
Floatzel	https://bulbapedia.bulbagarden.net/wiki/Floatzel
Braviary	https://bulbapedia.bulbagarden.net/wiki/Braviary
Poliwrath	https://bulbapedia.bulbagarden.net/wiki/Poliwrath
Samurott	https://bulbapedia.bulbagarden.net/wiki/Samurott
Entei	https://bulbapedia.bulbagarden.net/wiki/Entei
Torkoal	https://bulbapedia.bulbagarden.net/wiki/Torkoal
Murkrow	https://bulbapedia.bulbagarden.net/wiki/Murkrow
Qwilfish	https://bulbapedia.bulbagarden.net/wiki/Qwilfish
Zangoose	https://bulbapedia.bulbagarden.net/wiki/Zangoose
Muk	https://bulbapedia.bulbagarden.net/wiki/Muk
Carracosta	https://bulbapedia.bulbagarden.net/wiki/Carracosta
Primeape	https://bulbapedia.bulbagarden.net/wiki/Primeape
Electrode	https://bulbapedia.bulbagarden.net/wiki/Electrode
Kangaskhan	https://bulbapedia.bulbagarden.net/wiki/Kangaskhan
Hariyama	https://bulbapedia.bulbagarden.net/wiki/Hariyama
Klinklang	https://bulbapedia.bulbagarden.net/wiki/Klinklang
Whiscash	https://bulbapedia.bulbagarden.net/wiki/Whiscash
Linoone	https://bulbapedia.bulbagarden.net/wiki/Linoone
Sawk	https://bulbapedia.bulbagarden.net/wiki/Sawk
Altaria	https://bulbapedia.bulbagarden.net/wiki/Altaria
Bastiodon	https://bulbapedia.bulbagarden.net/wiki/Bastiodon
Rapidash	https://bulbapedia.bulbagarden.net/wiki/Rapidash
Cacturne	https://bulbapedia.bulbagarden.net/wiki/Cacturne
Probopass	https://bulbapedia.bulbagarden.net/wiki/Probopass
Rotom	https://bulbapedia.bulbagarden.net/wiki/Rotom
Armaldo	https://bulbapedia.bulbagarden.net/wiki/Armaldo
Lickilicky	https://bulbapedia.bulbagarden.net/wiki/Lickilicky
RotomFrost	https://bulbapedia.bulbagarden.net/wiki/RotomFrost
Regigigas	https://bulbapedia.bulbagarden.net/wiki/Regigigas
Meganium	https://bulbapedia.bulbagarden.net/wiki/Meganium
Pinsir	https://bulbapedia.bulbagarden.net/wiki/Pinsir
Cryogonal	https://bulbapedia.bulbagarden.net/wiki/Cryogonal
Regirock	https://bulbapedia.bulbagarden.net/wiki/Regirock
Swoobat	https://bulbapedia.bulbagarden.net/wiki/Swoobat
Tropius	https://bulbapedia.bulbagarden.net/wiki/Tropius
Spinda	https://bulbapedia.bulbagarden.net/wiki/Spinda
Emolga	https://bulbapedia.bulbagarden.net/wiki/Emolga
Rhydon	https://bulbapedia.bulbagarden.net/wiki/Rhydon
Zebstrika	https://bulbapedia.bulbagarden.net/wiki/Zebstrika
Golduck	https://bulbapedia.bulbagarden.net/wiki/Golduck
Skuntank	https://bulbapedia.bulbagarden.net/wiki/Skuntank
Huntail	https://bulbapedia.bulbagarden.net/wiki/Huntail
Musharna	https://bulbapedia.bulbagarden.net/wiki/Musharna
Leavanny	https://bulbapedia.bulbagarden.net/wiki/Leavanny
Gligar	https://bulbapedia.bulbagarden.net/wiki/Gligar
Camerupt	https://bulbapedia.bulbagarden.net/wiki/Camerupt
Banette	https://bulbapedia.bulbagarden.net/wiki/Banette
Butterfree	https://bulbapedia.bulbagarden.net/wiki/Butterfree
Tangela	https://bulbapedia.bulbagarden.net/wiki/Tangela
Arbok	https://bulbapedia.bulbagarden.net/wiki/Arbok
Vileplume	https://bulbapedia.bulbagarden.net/wiki/Vileplume
Piloswine	https://bulbapedia.bulbagarden.net/wiki/Piloswine
Mightyena	https://bulbapedia.bulbagarden.net/wiki/Mightyena
Misdreavus	https://bulbapedia.bulbagarden.net/wiki/Misdreavus
Mesprit	https://bulbapedia.bulbagarden.net/wiki/Mesprit
Pidgeot	https://bulbapedia.bulbagarden.net/wiki/Pidgeot
Ferroseed	https://bulbapedia.bulbagarden.net/wiki/Ferroseed
Vanilluxe	https://bulbapedia.bulbagarden.net/wiki/Vanilluxe
Kingler	https://bulbapedia.bulbagarden.net/wiki/Kingler
Dunsparce	https://bulbapedia.bulbagarden.net/wiki/Dunsparce
Mawile	https://bulbapedia.bulbagarden.net/wiki/Mawile
Mantine	https://bulbapedia.bulbagarden.net/wiki/Mantine
Lopunny	https://bulbapedia.bulbagarden.net/wiki/Lopunny
Magnemite	https://bulbapedia.bulbagarden.net/wiki/Magnemite
Rattata	https://bulbapedia.bulbagarden.net/wiki/Rattata
Persian	https://bulbapedia.bulbagarden.net/wiki/Persian
Wailord	https://bulbapedia.bulbagarden.net/wiki/Wailord
Dodrio	https://bulbapedia.bulbagarden.net/wiki/Dodrio
RotomFan	https://bulbapedia.bulbagarden.net/wiki/RotomFan
Dragonair	https://bulbapedia.bulbagarden.net/wiki/Dragonair
Haunter	https://bulbapedia.bulbagarden.net/wiki/Haunter
Stunfisk	https://bulbapedia.bulbagarden.net/wiki/Stunfisk
Basculin	https://bulbapedia.bulbagarden.net/wiki/Basculin
Octillery	https://bulbapedia.bulbagarden.net/wiki/Octillery
Raticate	https://bulbapedia.bulbagarden.net/wiki/Raticate
Beartic	https://bulbapedia.bulbagarden.net/wiki/Beartic
Throh	https://bulbapedia.bulbagarden.net/wiki/Throh
Castform	https://bulbapedia.bulbagarden.net/wiki/Castform
Pineco	https://bulbapedia.bulbagarden.net/wiki/Pineco
Combusken	https://bulbapedia.bulbagarden.net/wiki/Combusken
Magikarp	https://bulbapedia.bulbagarden.net/wiki/Magikarp
Pelipper	https://bulbapedia.bulbagarden.net/wiki/Pelipper
Dewgong	https://bulbapedia.bulbagarden.net/wiki/Dewgong
Hypno	https://bulbapedia.bulbagarden.net/wiki/Hypno
Purrloin	https://bulbapedia.bulbagarden.net/wiki/Purrloin
Beheeyem	https://bulbapedia.bulbagarden.net/wiki/Beheeyem
Clamperl	https://bulbapedia.bulbagarden.net/wiki/Clamperl
Wartortle	https://bulbapedia.bulbagarden.net/wiki/Wartortle
Electabuzz	https://bulbapedia.bulbagarden.net/wiki/Electabuzz
Relicanth	https://bulbapedia.bulbagarden.net/wiki/Relicanth
Exploud	https://bulbapedia.bulbagarden.net/wiki/Exploud
Cottonee	https://bulbapedia.bulbagarden.net/wiki/Cottonee
Togetic	https://bulbapedia.bulbagarden.net/wiki/Togetic
Bibarel	https://bulbapedia.bulbagarden.net/wiki/Bibarel
Magcargo	https://bulbapedia.bulbagarden.net/wiki/Magcargo
Illumise	https://bulbapedia.bulbagarden.net/wiki/Illumise
Solrock	https://bulbapedia.bulbagarden.net/wiki/Solrock
Girafarig	https://bulbapedia.bulbagarden.net/wiki/Girafarig
Audino	https://bulbapedia.bulbagarden.net/wiki/Audino
Seviper	https://bulbapedia.bulbagarden.net/wiki/Seviper
Vespiquen	https://bulbapedia.bulbagarden.net/wiki/Vespiquen
Golbat	https://bulbapedia.bulbagarden.net/wiki/Golbat
Garbodor	https://bulbapedia.bulbagarden.net/wiki/Garbodor
Masquerain	https://bulbapedia.bulbagarden.net/wiki/Masquerain
Glalie	https://bulbapedia.bulbagarden.net/wiki/Glalie
Simipour	https://bulbapedia.bulbagarden.net/wiki/Simipour
Shelmet	https://bulbapedia.bulbagarden.net/wiki/Shelmet
Onix	https://bulbapedia.bulbagarden.net/wiki/Onix
Delibird	https://bulbapedia.bulbagarden.net/wiki/Delibird
Granbull	https://bulbapedia.bulbagarden.net/wiki/Granbull
Purugly	https://bulbapedia.bulbagarden.net/wiki/Purugly
Heatmor	https://bulbapedia.bulbagarden.net/wiki/Heatmor
Sudowoodo	https://bulbapedia.bulbagarden.net/wiki/Sudowoodo
Vigoroth	https://bulbapedia.bulbagarden.net/wiki/Vigoroth
Beedrill	https://bulbapedia.bulbagarden.net/wiki/Beedrill
Kecleon	https://bulbapedia.bulbagarden.net/wiki/Kecleon
Cherrim	https://bulbapedia.bulbagarden.net/wiki/Cherrim
Lickitung	https://bulbapedia.bulbagarden.net/wiki/Lickitung
Sunflora	https://bulbapedia.bulbagarden.net/wiki/Sunflora
Vulpix	https://bulbapedia.bulbagarden.net/wiki/Vulpix
Furret	https://bulbapedia.bulbagarden.net/wiki/Furret
Magmar	https://bulbapedia.bulbagarden.net/wiki/Magmar
Bellossom	https://bulbapedia.bulbagarden.net/wiki/Bellossom
Eevee	https://bulbapedia.bulbagarden.net/wiki/Eevee
Simisage	https://bulbapedia.bulbagarden.net/wiki/Simisage
Simisear	https://bulbapedia.bulbagarden.net/wiki/Simisear
Gurdurr	https://bulbapedia.bulbagarden.net/wiki/Gurdurr
Farfetchd	https://bulbapedia.bulbagarden.net/wiki/Farfetchd
Hippopotas	https://bulbapedia.bulbagarden.net/wiki/Hippopotas
Seaking	https://bulbapedia.bulbagarden.net/wiki/Seaking
Kricketune	https://bulbapedia.bulbagarden.net/wiki/Kricketune
Corsola	https://bulbapedia.bulbagarden.net/wiki/Corsola
Dwebble	https://bulbapedia.bulbagarden.net/wiki/Dwebble
Wigglytuff	https://bulbapedia.bulbagarden.net/wiki/Wigglytuff
Munchlax	https://bulbapedia.bulbagarden.net/wiki/Munchlax
Nosepass	https://bulbapedia.bulbagarden.net/wiki/Nosepass
Noctowl	https://bulbapedia.bulbagarden.net/wiki/Noctowl
Kadabra	https://bulbapedia.bulbagarden.net/wiki/Kadabra
Pachirisu	https://bulbapedia.bulbagarden.net/wiki/Pachirisu
Shelgon	https://bulbapedia.bulbagarden.net/wiki/Shelgon
Wynaut	https://bulbapedia.bulbagarden.net/wiki/Wynaut
Chatot	https://bulbapedia.bulbagarden.net/wiki/Chatot
Jigglypuff	https://bulbapedia.bulbagarden.net/wiki/Jigglypuff
Delcatty	https://bulbapedia.bulbagarden.net/wiki/Delcatty
Bulbasaur	https://bulbapedia.bulbagarden.net/wiki/Bulbasaur
Maractus	https://bulbapedia.bulbagarden.net/wiki/Maractus
Grumpig	https://bulbapedia.bulbagarden.net/wiki/Grumpig
Snover	https://bulbapedia.bulbagarden.net/wiki/Snover
Lunatone	https://bulbapedia.bulbagarden.net/wiki/Lunatone
Bidoof	https://bulbapedia.bulbagarden.net/wiki/Bidoof
Abra	https://bulbapedia.bulbagarden.net/wiki/Abra
Ariados	https://bulbapedia.bulbagarden.net/wiki/Ariados
Squirtle	https://bulbapedia.bulbagarden.net/wiki/Squirtle
Swalot	https://bulbapedia.bulbagarden.net/wiki/Swalot
Unfezant	https://bulbapedia.bulbagarden.net/wiki/Unfezant
Solosis	https://bulbapedia.bulbagarden.net/wiki/Solosis
Zweilous	https://bulbapedia.bulbagarden.net/wiki/Zweilous
Starly	https://bulbapedia.bulbagarden.net/wiki/Starly
Fearow	https://bulbapedia.bulbagarden.net/wiki/Fearow
Ledian	https://bulbapedia.bulbagarden.net/wiki/Ledian
Lileep	https://bulbapedia.bulbagarden.net/wiki/Lileep
Machoke	https://bulbapedia.bulbagarden.net/wiki/Machoke
Plusle	https://bulbapedia.bulbagarden.net/wiki/Plusle
Ivysaur	https://bulbapedia.bulbagarden.net/wiki/Ivysaur
Sneasel	https://bulbapedia.bulbagarden.net/wiki/Sneasel
Stantler	https://bulbapedia.bulbagarden.net/wiki/Stantler
Phione	https://bulbapedia.bulbagarden.net/wiki/Phione
Trapinch	https://bulbapedia.bulbagarden.net/wiki/Trapinch
Gothorita	https://bulbapedia.bulbagarden.net/wiki/Gothorita
Drilbur	https://bulbapedia.bulbagarden.net/wiki/Drilbur
Duosion	https://bulbapedia.bulbagarden.net/wiki/Duosion
Clefairy	https://bulbapedia.bulbagarden.net/wiki/Clefairy
Carnivine	https://bulbapedia.bulbagarden.net/wiki/Carnivine
Chimecho	https://bulbapedia.bulbagarden.net/wiki/Chimecho
Metang	https://bulbapedia.bulbagarden.net/wiki/Metang
Feebas	https://bulbapedia.bulbagarden.net/wiki/Feebas
Taillow	https://bulbapedia.bulbagarden.net/wiki/Taillow
Luvdisc	https://bulbapedia.bulbagarden.net/wiki/Luvdisc
Mothim	https://bulbapedia.bulbagarden.net/wiki/Mothim
Pichu	https://bulbapedia.bulbagarden.net/wiki/Pichu
Bayleef	https://bulbapedia.bulbagarden.net/wiki/Bayleef
Weedle	https://bulbapedia.bulbagarden.net/wiki/Weedle
Metapod	https://bulbapedia.bulbagarden.net/wiki/Metapod
PorygonTwo	https://bulbapedia.bulbagarden.net/wiki/PorygonTwo
Lairon	https://bulbapedia.bulbagarden.net/wiki/Lairon
Diglett	https://bulbapedia.bulbagarden.net/wiki/Diglett
Caterpie	https://bulbapedia.bulbagarden.net/wiki/Caterpie
Cleffa	https://bulbapedia.bulbagarden.net/wiki/Cleffa
Sunkern	https://bulbapedia.bulbagarden.net/wiki/Sunkern
Zigzagoon	https://bulbapedia.bulbagarden.net/wiki/Zigzagoon
Roselia	https://bulbapedia.bulbagarden.net/wiki/Roselia
Beautifly	https://bulbapedia.bulbagarden.net/wiki/Beautifly
Zorua	https://bulbapedia.bulbagarden.net/wiki/Zorua
Tentacool	https://bulbapedia.bulbagarden.net/wiki/Tentacool
Unown	https://bulbapedia.bulbagarden.net/wiki/Unown
Mantyke	https://bulbapedia.bulbagarden.net/wiki/Mantyke
Lumineon	https://bulbapedia.bulbagarden.net/wiki/Lumineon
Scraggy	https://bulbapedia.bulbagarden.net/wiki/Scraggy
Eelektrik	https://bulbapedia.bulbagarden.net/wiki/Eelektrik
Dustox	https://bulbapedia.bulbagarden.net/wiki/Dustox
Charmeleon	https://bulbapedia.bulbagarden.net/wiki/Charmeleon
Yanma	https://bulbapedia.bulbagarden.net/wiki/Yanma
Seadra	https://bulbapedia.bulbagarden.net/wiki/Seadra
Gastly	https://bulbapedia.bulbagarden.net/wiki/Gastly
Gabite	https://bulbapedia.bulbagarden.net/wiki/Gabite
Cubone	https://bulbapedia.bulbagarden.net/wiki/Cubone
Oshawott	https://bulbapedia.bulbagarden.net/wiki/Oshawott
Pupitar	https://bulbapedia.bulbagarden.net/wiki/Pupitar
Mudkip	https://bulbapedia.bulbagarden.net/wiki/Mudkip
Krokorok	https://bulbapedia.bulbagarden.net/wiki/Krokorok
Monferno	https://bulbapedia.bulbagarden.net/wiki/Monferno
Snivy	https://bulbapedia.bulbagarden.net/wiki/Snivy
Minun	https://bulbapedia.bulbagarden.net/wiki/Minun
Hoppip	https://bulbapedia.bulbagarden.net/wiki/Hoppip
Treecko	https://bulbapedia.bulbagarden.net/wiki/Treecko
Watchog	https://bulbapedia.bulbagarden.net/wiki/Watchog
Marill	https://bulbapedia.bulbagarden.net/wiki/Marill
Lampent	https://bulbapedia.bulbagarden.net/wiki/Lampent
Staravia	https://bulbapedia.bulbagarden.net/wiki/Staravia
Charmander	https://bulbapedia.bulbagarden.net/wiki/Charmander
Skiploom	https://bulbapedia.bulbagarden.net/wiki/Skiploom
Growlithe	https://bulbapedia.bulbagarden.net/wiki/Growlithe
Pignite	https://bulbapedia.bulbagarden.net/wiki/Pignite
Meowth	https://bulbapedia.bulbagarden.net/wiki/Meowth
Buizel	https://bulbapedia.bulbagarden.net/wiki/Buizel
Grovyle	https://bulbapedia.bulbagarden.net/wiki/Grovyle
Swinub	https://bulbapedia.bulbagarden.net/wiki/Swinub
Quilava	https://bulbapedia.bulbagarden.net/wiki/Quilava
Bronzor	https://bulbapedia.bulbagarden.net/wiki/Bronzor
Shroomish	https://bulbapedia.bulbagarden.net/wiki/Shroomish
Fraxure	https://bulbapedia.bulbagarden.net/wiki/Fraxure
Koffing	https://bulbapedia.bulbagarden.net/wiki/Koffing
Dewott	https://bulbapedia.bulbagarden.net/wiki/Dewott
Shieldon	https://bulbapedia.bulbagarden.net/wiki/Shieldon
Sandshrew	https://bulbapedia.bulbagarden.net/wiki/Sandshrew
Sealeo	https://bulbapedia.bulbagarden.net/wiki/Sealeo
Psyduck	https://bulbapedia.bulbagarden.net/wiki/Psyduck
Frillish	https://bulbapedia.bulbagarden.net/wiki/Frillish
Zubat	https://bulbapedia.bulbagarden.net/wiki/Zubat
Totodile	https://bulbapedia.bulbagarden.net/wiki/Totodile
Cyndaquil	https://bulbapedia.bulbagarden.net/wiki/Cyndaquil
Torchic	https://bulbapedia.bulbagarden.net/wiki/Torchic
Piplup	https://bulbapedia.bulbagarden.net/wiki/Piplup
Geodude	https://bulbapedia.bulbagarden.net/wiki/Geodude
Duskull	https://bulbapedia.bulbagarden.net/wiki/Duskull
Voltorb	https://bulbapedia.bulbagarden.net/wiki/Voltorb
Herdier	https://bulbapedia.bulbagarden.net/wiki/Herdier
Slowpoke	https://bulbapedia.bulbagarden.net/wiki/Slowpoke
Natu	https://bulbapedia.bulbagarden.net/wiki/Natu
Dratini	https://bulbapedia.bulbagarden.net/wiki/Dratini
Poliwhirl	https://bulbapedia.bulbagarden.net/wiki/Poliwhirl
Graveler	https://bulbapedia.bulbagarden.net/wiki/Graveler
Boldore	https://bulbapedia.bulbagarden.net/wiki/Boldore
Yamask	https://bulbapedia.bulbagarden.net/wiki/Yamask
Swadloon	https://bulbapedia.bulbagarden.net/wiki/Swadloon
Aipom	https://bulbapedia.bulbagarden.net/wiki/Aipom
Azurill	https://bulbapedia.bulbagarden.net/wiki/Azurill
Phanpy	https://bulbapedia.bulbagarden.net/wiki/Phanpy
Pidgey	https://bulbapedia.bulbagarden.net/wiki/Pidgey
Woobat	https://bulbapedia.bulbagarden.net/wiki/Woobat
Klang	https://bulbapedia.bulbagarden.net/wiki/Klang
Shuppet	https://bulbapedia.bulbagarden.net/wiki/Shuppet
Kirlia	https://bulbapedia.bulbagarden.net/wiki/Kirlia
Palpitoad	https://bulbapedia.bulbagarden.net/wiki/Palpitoad
Marshtomp	https://bulbapedia.bulbagarden.net/wiki/Marshtomp
Servine	https://bulbapedia.bulbagarden.net/wiki/Servine
Axew	https://bulbapedia.bulbagarden.net/wiki/Axew
Gible	https://bulbapedia.bulbagarden.net/wiki/Gible
Croagunk	https://bulbapedia.bulbagarden.net/wiki/Croagunk
Togepi	https://bulbapedia.bulbagarden.net/wiki/Togepi
WormadamTrash	https://bulbapedia.bulbagarden.net/wiki/WormadamTrash
Shellder	https://bulbapedia.bulbagarden.net/wiki/Shellder
Archen	https://bulbapedia.bulbagarden.net/wiki/Archen
Doduo	https://bulbapedia.bulbagarden.net/wiki/Doduo
Pansage	https://bulbapedia.bulbagarden.net/wiki/Pansage
Mienfoo	https://bulbapedia.bulbagarden.net/wiki/Mienfoo
Timburr	https://bulbapedia.bulbagarden.net/wiki/Timburr
Kakuna	https://bulbapedia.bulbagarden.net/wiki/Kakuna
Igglybuff	https://bulbapedia.bulbagarden.net/wiki/Igglybuff
Staryu	https://bulbapedia.bulbagarden.net/wiki/Staryu
Teddiursa	https://bulbapedia.bulbagarden.net/wiki/Teddiursa
Ralts	https://bulbapedia.bulbagarden.net/wiki/Ralts
Chikorita	https://bulbapedia.bulbagarden.net/wiki/Chikorita
Seel	https://bulbapedia.bulbagarden.net/wiki/Seel
WormadamSandy	https://bulbapedia.bulbagarden.net/wiki/WormadamSandy
Chimchar	https://bulbapedia.bulbagarden.net/wiki/Chimchar
Machop	https://bulbapedia.bulbagarden.net/wiki/Machop
Elekid	https://bulbapedia.bulbagarden.net/wiki/Elekid
Lombre	https://bulbapedia.bulbagarden.net/wiki/Lombre
Patrat	https://bulbapedia.bulbagarden.net/wiki/Patrat
Whirlipede	https://bulbapedia.bulbagarden.net/wiki/Whirlipede
Cranidos	https://bulbapedia.bulbagarden.net/wiki/Cranidos
Pidgeotto	https://bulbapedia.bulbagarden.net/wiki/Pidgeotto
Wurmple	https://bulbapedia.bulbagarden.net/wiki/Wurmple
Skitty	https://bulbapedia.bulbagarden.net/wiki/Skitty
Tepig	https://bulbapedia.bulbagarden.net/wiki/Tepig
Sentret	https://bulbapedia.bulbagarden.net/wiki/Sentret
Chinchou	https://bulbapedia.bulbagarden.net/wiki/Chinchou
Flaaffy	https://bulbapedia.bulbagarden.net/wiki/Flaaffy
Buneary	https://bulbapedia.bulbagarden.net/wiki/Buneary
Cacnea	https://bulbapedia.bulbagarden.net/wiki/Cacnea
Spheal	https://bulbapedia.bulbagarden.net/wiki/Spheal
Larvesta	https://bulbapedia.bulbagarden.net/wiki/Larvesta
Poliwag	https://bulbapedia.bulbagarden.net/wiki/Poliwag
Ducklett	https://bulbapedia.bulbagarden.net/wiki/Ducklett
Meditite	https://bulbapedia.bulbagarden.net/wiki/Meditite
Tirtouga	https://bulbapedia.bulbagarden.net/wiki/Tirtouga
Happiny	https://bulbapedia.bulbagarden.net/wiki/Happiny
Smoochum	https://bulbapedia.bulbagarden.net/wiki/Smoochum
Cascoon	https://bulbapedia.bulbagarden.net/wiki/Cascoon
Croconaw	https://bulbapedia.bulbagarden.net/wiki/Croconaw
Grotle	https://bulbapedia.bulbagarden.net/wiki/Grotle
Wingull	https://bulbapedia.bulbagarden.net/wiki/Wingull
MimeJr	https://bulbapedia.bulbagarden.net/wiki/MimeJr
Magby	https://bulbapedia.bulbagarden.net/wiki/Magby
Joltik	https://bulbapedia.bulbagarden.net/wiki/Joltik
Lillipup	https://bulbapedia.bulbagarden.net/wiki/Lillipup
Wooper	https://bulbapedia.bulbagarden.net/wiki/Wooper
Goldeen	https://bulbapedia.bulbagarden.net/wiki/Goldeen
NidoranF	https://bulbapedia.bulbagarden.net/wiki/NidoranF
Gloom	https://bulbapedia.bulbagarden.net/wiki/Gloom
Trubbish	https://bulbapedia.bulbagarden.net/wiki/Trubbish
Numel	https://bulbapedia.bulbagarden.net/wiki/Numel
Tynamo	https://bulbapedia.bulbagarden.net/wiki/Tynamo
Turtwig	https://bulbapedia.bulbagarden.net/wiki/Turtwig
Ponyta	https://bulbapedia.bulbagarden.net/wiki/Ponyta
Deino	https://bulbapedia.bulbagarden.net/wiki/Deino
Wormadam	https://bulbapedia.bulbagarden.net/wiki/Wormadam
Whismur	https://bulbapedia.bulbagarden.net/wiki/Whismur
NidoranM	https://bulbapedia.bulbagarden.net/wiki/NidoranM
Combee	https://bulbapedia.bulbagarden.net/wiki/Combee
Wailmer	https://bulbapedia.bulbagarden.net/wiki/Wailmer
Litwick	https://bulbapedia.bulbagarden.net/wiki/Litwick
Tyrogue	https://bulbapedia.bulbagarden.net/wiki/Tyrogue
Minccino	https://bulbapedia.bulbagarden.net/wiki/Minccino
Luxio	https://bulbapedia.bulbagarden.net/wiki/Luxio
Vibrava	https://bulbapedia.bulbagarden.net/wiki/Vibrava
Houndour	https://bulbapedia.bulbagarden.net/wiki/Houndour
Drowzee	https://bulbapedia.bulbagarden.net/wiki/Drowzee
Bagon	https://bulbapedia.bulbagarden.net/wiki/Bagon
Oddish	https://bulbapedia.bulbagarden.net/wiki/Oddish
Omanyte	https://bulbapedia.bulbagarden.net/wiki/Omanyte
Shellos	https://bulbapedia.bulbagarden.net/wiki/Shellos
Pawniard	https://bulbapedia.bulbagarden.net/wiki/Pawniard
Glameow	https://bulbapedia.bulbagarden.net/wiki/Glameow
Cubchoo	https://bulbapedia.bulbagarden.net/wiki/Cubchoo
Exeggcute	https://bulbapedia.bulbagarden.net/wiki/Exeggcute
Prinplup	https://bulbapedia.bulbagarden.net/wiki/Prinplup
Mareep	https://bulbapedia.bulbagarden.net/wiki/Mareep
Surskit	https://bulbapedia.bulbagarden.net/wiki/Surskit
Munna	https://bulbapedia.bulbagarden.net/wiki/Munna
Nidorino	https://bulbapedia.bulbagarden.net/wiki/Nidorino
Mankey	https://bulbapedia.bulbagarden.net/wiki/Mankey
Pidove	https://bulbapedia.bulbagarden.net/wiki/Pidove
Lotad	https://bulbapedia.bulbagarden.net/wiki/Lotad
Elgyem	https://bulbapedia.bulbagarden.net/wiki/Elgyem
Karrablast	https://bulbapedia.bulbagarden.net/wiki/Karrablast
Bellsprout	https://bulbapedia.bulbagarden.net/wiki/Bellsprout
Slakoth	https://bulbapedia.bulbagarden.net/wiki/Slakoth
Pansear	https://bulbapedia.bulbagarden.net/wiki/Pansear
Krabby	https://bulbapedia.bulbagarden.net/wiki/Krabby
Shinx	https://bulbapedia.bulbagarden.net/wiki/Shinx
Silcoon	https://bulbapedia.bulbagarden.net/wiki/Silcoon
Skorupi	https://bulbapedia.bulbagarden.net/wiki/Skorupi
Baltoy	https://bulbapedia.bulbagarden.net/wiki/Baltoy
Anorith	https://bulbapedia.bulbagarden.net/wiki/Anorith
Seedot	https://bulbapedia.bulbagarden.net/wiki/Seedot
Carvanha	https://bulbapedia.bulbagarden.net/wiki/Carvanha
Nidorina	https://bulbapedia.bulbagarden.net/wiki/Nidorina
Beldum	https://bulbapedia.bulbagarden.net/wiki/Beldum
Ekans	https://bulbapedia.bulbagarden.net/wiki/Ekans
Kabuto	https://bulbapedia.bulbagarden.net/wiki/Kabuto
Snorunt	https://bulbapedia.bulbagarden.net/wiki/Snorunt
Drifloon	https://bulbapedia.bulbagarden.net/wiki/Drifloon
Spoink	https://bulbapedia.bulbagarden.net/wiki/Spoink
Venonat	https://bulbapedia.bulbagarden.net/wiki/Venonat
Tympole	https://bulbapedia.bulbagarden.net/wiki/Tympole
Cherubi	https://bulbapedia.bulbagarden.net/wiki/Cherubi
Foongus	https://bulbapedia.bulbagarden.net/wiki/Foongus
Chingling	https://bulbapedia.bulbagarden.net/wiki/Chingling
Bonsly	https://bulbapedia.bulbagarden.net/wiki/Bonsly
Grimer	https://bulbapedia.bulbagarden.net/wiki/Grimer
Roggenrola	https://bulbapedia.bulbagarden.net/wiki/Roggenrola
Budew	https://bulbapedia.bulbagarden.net/wiki/Budew
Snubbull	https://bulbapedia.bulbagarden.net/wiki/Snubbull
Spearow	https://bulbapedia.bulbagarden.net/wiki/Spearow
Slugma	https://bulbapedia.bulbagarden.net/wiki/Slugma
Poochyena	https://bulbapedia.bulbagarden.net/wiki/Poochyena
Corphish	https://bulbapedia.bulbagarden.net/wiki/Corphish
Weepinbell	https://bulbapedia.bulbagarden.net/wiki/Weepinbell
Sewaddle	https://bulbapedia.bulbagarden.net/wiki/Sewaddle
Panpour	https://bulbapedia.bulbagarden.net/wiki/Panpour
Tranquill	https://bulbapedia.bulbagarden.net/wiki/Tranquill
Gulpin	https://bulbapedia.bulbagarden.net/wiki/Gulpin
Vanillite	https://bulbapedia.bulbagarden.net/wiki/Vanillite
Deerling	https://bulbapedia.bulbagarden.net/wiki/Deerling
Blitzle	https://bulbapedia.bulbagarden.net/wiki/Blitzle
Sandile	https://bulbapedia.bulbagarden.net/wiki/Sandile
Makuhita	https://bulbapedia.bulbagarden.net/wiki/Makuhita
Rufflet	https://bulbapedia.bulbagarden.net/wiki/Rufflet
Darumaka	https://bulbapedia.bulbagarden.net/wiki/Darumaka
Ledyba	https://bulbapedia.bulbagarden.net/wiki/Ledyba
Larvitar	https://bulbapedia.bulbagarden.net/wiki/Larvitar
Nuzleaf	https://bulbapedia.bulbagarden.net/wiki/Nuzleaf
Burmy	https://bulbapedia.bulbagarden.net/wiki/Burmy
Hoothoot	https://bulbapedia.bulbagarden.net/wiki/Hoothoot
Swablu	https://bulbapedia.bulbagarden.net/wiki/Swablu
Rhyhorn	https://bulbapedia.bulbagarden.net/wiki/Rhyhorn
Paras	https://bulbapedia.bulbagarden.net/wiki/Paras
Horsea	https://bulbapedia.bulbagarden.net/wiki/Horsea
Spinarak	https://bulbapedia.bulbagarden.net/wiki/Spinarak
Venipede	https://bulbapedia.bulbagarden.net/wiki/Venipede
Finneon	https://bulbapedia.bulbagarden.net/wiki/Finneon
Nincada	https://bulbapedia.bulbagarden.net/wiki/Nincada
Electrike	https://bulbapedia.bulbagarden.net/wiki/Electrike
Golett	https://bulbapedia.bulbagarden.net/wiki/Golett
Vanillish	https://bulbapedia.bulbagarden.net/wiki/Vanillish
Remoraid	https://bulbapedia.bulbagarden.net/wiki/Remoraid
Stunky	https://bulbapedia.bulbagarden.net/wiki/Stunky
Petilil	https://bulbapedia.bulbagarden.net/wiki/Petilil
Loudred	https://bulbapedia.bulbagarden.net/wiki/Loudred
Kricketot	https://bulbapedia.bulbagarden.net/wiki/Kricketot
Vullaby	https://bulbapedia.bulbagarden.net/wiki/Vullaby
Barboach	https://bulbapedia.bulbagarden.net/wiki/Barboach
Klink	https://bulbapedia.bulbagarden.net/wiki/Klink
Gothita	https://bulbapedia.bulbagarden.net/wiki/Gothita
Arceus	https://bulbapedia.bulbagarden.net/wiki/Arceus
Blaziken	https://bulbapedia.bulbagarden.net/wiki/Blaziken
Darkrai	https://bulbapedia.bulbagarden.net/wiki/Darkrai
Deoxys	https://bulbapedia.bulbagarden.net/wiki/Deoxys
Dialga	https://bulbapedia.bulbagarden.net/wiki/Dialga
Excadrill	https://bulbapedia.bulbagarden.net/wiki/Excadrill
Genesect	https://bulbapedia.bulbagarden.net/wiki/Genesect
Giratina	https://bulbapedia.bulbagarden.net/wiki/Giratina
Groudoun	https://bulbapedia.bulbagarden.net/wiki/Groudoun
HoOh	https://bulbapedia.bulbagarden.net/wiki/HoOh
Kyogre	https://bulbapedia.bulbagarden.net/wiki/Kyogre
KyuremW	https://bulbapedia.bulbagarden.net/wiki/KyuremW
Landorus	https://bulbapedia.bulbagarden.net/wiki/Landorus
Lugia	https://bulbapedia.bulbagarden.net/wiki/Lugia
Manaphy	https://bulbapedia.bulbagarden.net/wiki/Manaphy
Mewtwo	https://bulbapedia.bulbagarden.net/wiki/Mewtwo
Palkia	https://bulbapedia.bulbagarden.net/wiki/Palkia
Rayquaza	https://bulbapedia.bulbagarden.net/wiki/Rayquaza
Reshiram	https://bulbapedia.bulbagarden.net/wiki/Reshiram
ShayminS	https://bulbapedia.bulbagarden.net/wiki/ShayminS
Thundurus	https://bulbapedia.bulbagarden.net/wiki/Thundurus
Zekrom	https://bulbapedia.bulbagarden.net/wiki/Zekrom
Chespin	https://bulbapedia.bulbagarden.net/wiki/Chespin
Quilladin	https://bulbapedia.bulbagarden.net/wiki/Quilladin
Chesnaught	https://bulbapedia.bulbagarden.net/wiki/Chesnaught
Fennekin	https://bulbapedia.bulbagarden.net/wiki/Fennekin
Braixen	https://bulbapedia.bulbagarden.net/wiki/Braixen
Delphox	https://bulbapedia.bulbagarden.net/wiki/Delphox
Froakie	https://bulbapedia.bulbagarden.net/wiki/Froakie
Frogadier	https://bulbapedia.bulbagarden.net/wiki/Frogadier
Greninja	https://bulbapedia.bulbagarden.net/wiki/Greninja
Bunnelby	https://bulbapedia.bulbagarden.net/wiki/Bunnelby
Diggersby	https://bulbapedia.bulbagarden.net/wiki/Diggersby
Fletchling	https://bulbapedia.bulbagarden.net/wiki/Fletchling
Fletchnder	https://bulbapedia.bulbagarden.net/wiki/Fletchnder
Talonflame	https://bulbapedia.bulbagarden.net/wiki/Talonflame
Scatterbug	https://bulbapedia.bulbagarden.net/wiki/Scatterbug
Spewpa	https://bulbapedia.bulbagarden.net/wiki/Spewpa
Vivilon	https://bulbapedia.bulbagarden.net/wiki/Vivilon
Litleo	https://bulbapedia.bulbagarden.net/wiki/Litleo
Pyroar	https://bulbapedia.bulbagarden.net/wiki/Pyroar
Flabebe	https://bulbapedia.bulbagarden.net/wiki/Flabebe
Floette	https://bulbapedia.bulbagarden.net/wiki/Floette
Florges	https://bulbapedia.bulbagarden.net/wiki/Florges
Skiddo	https://bulbapedia.bulbagarden.net/wiki/Skiddo
Gogoat	https://bulbapedia.bulbagarden.net/wiki/Gogoat
Pancham	https://bulbapedia.bulbagarden.net/wiki/Pancham
Pangoro	https://bulbapedia.bulbagarden.net/wiki/Pangoro
Furfrou	https://bulbapedia.bulbagarden.net/wiki/Furfrou
Espurr	https://bulbapedia.bulbagarden.net/wiki/Espurr
Meowstic	https://bulbapedia.bulbagarden.net/wiki/Meowstic
Honedge	https://bulbapedia.bulbagarden.net/wiki/Honedge
Doublade	https://bulbapedia.bulbagarden.net/wiki/Doublade
Aegislash	https://bulbapedia.bulbagarden.net/wiki/Aegislash
Spritzee	https://bulbapedia.bulbagarden.net/wiki/Spritzee
Armoatisse	https://bulbapedia.bulbagarden.net/wiki/Armoatisse
Swirlix	https://bulbapedia.bulbagarden.net/wiki/Swirlix
Slurpuff	https://bulbapedia.bulbagarden.net/wiki/Slurpuff
Inkay	https://bulbapedia.bulbagarden.net/wiki/Inkay
Malamar	https://bulbapedia.bulbagarden.net/wiki/Malamar
Binacle	https://bulbapedia.bulbagarden.net/wiki/Binacle
Barbaracle	https://bulbapedia.bulbagarden.net/wiki/Barbaracle
Skrelp	https://bulbapedia.bulbagarden.net/wiki/Skrelp
Dragalge	https://bulbapedia.bulbagarden.net/wiki/Dragalge
Clauncher	https://bulbapedia.bulbagarden.net/wiki/Clauncher
Clawitzer	https://bulbapedia.bulbagarden.net/wiki/Clawitzer
Heliolisk	https://bulbapedia.bulbagarden.net/wiki/Heliolisk
Tyrunt	https://bulbapedia.bulbagarden.net/wiki/Tyrunt
Tyrantrum	https://bulbapedia.bulbagarden.net/wiki/Tyrantrum
Amaura	https://bulbapedia.bulbagarden.net/wiki/Amaura
Aurorus	https://bulbapedia.bulbagarden.net/wiki/Aurorus
Sylveon	https://bulbapedia.bulbagarden.net/wiki/Sylveon
Hawlucha	https://bulbapedia.bulbagarden.net/wiki/Hawlucha
Dedenne	https://bulbapedia.bulbagarden.net/wiki/Dedenne
Carbink	https://bulbapedia.bulbagarden.net/wiki/Carbink
Goomy	https://bulbapedia.bulbagarden.net/wiki/Goomy
Sligoo	https://bulbapedia.bulbagarden.net/wiki/Sligoo
Goodra	https://bulbapedia.bulbagarden.net/wiki/Goodra
Klefki	https://bulbapedia.bulbagarden.net/wiki/Klefki
Phantump	https://bulbapedia.bulbagarden.net/wiki/Phantump
Trevenant	https://bulbapedia.bulbagarden.net/wiki/Trevenant
Pumpkaboo	https://bulbapedia.bulbagarden.net/wiki/Pumpkaboo
Gourgeist	https://bulbapedia.bulbagarden.net/wiki/Gourgeist
Bergmite	https://bulbapedia.bulbagarden.net/wiki/Bergmite
Avalugg	https://bulbapedia.bulbagarden.net/wiki/Avalugg
Noibat	https://bulbapedia.bulbagarden.net/wiki/Noibat
Noivern	https://bulbapedia.bulbagarden.net/wiki/Noivern
Xerneas	https://bulbapedia.bulbagarden.net/wiki/Xerneas
Yveltal	https://bulbapedia.bulbagarden.net/wiki/Yveltal
Zygarde	https://bulbapedia.bulbagarden.net/wiki/Zygarde
